file,noisy_si_sdr,enhanced_si_sdr,si_sdr_improvement,speech_preservation_db,quiet_noise_reduction_db,quiet_enhanced_rms_dbfs,quiet_low_rms_dbfs,quiet_high_rms_dbfs,quiet_low_high_ratio_db,active_fraction,quiet_fraction,failure_mode
mix_0000.wav,14.033246040344238,11.348550796508789,-2.684695243835449,-2.3925177635191917,25.164986321558693,-57.31692999515167,-56.9509880610744,-64.20782502627048,7.256836965196082,0.936,0.08,regression
mix_0001.wav,10.661760330200195,15.61165714263916,4.949896812438965,-0.9903917368952451,20.81606494493702,-53.01041559395618,-48.545070704166676,-67.92938473652272,19.38431403235604,0.936,0.072,ok
mix_0002.wav,-4.9359283447265625,9.935127258300781,14.871055603027344,-2.539851884712949,23.44013445626354,-39.36992292021445,-44.72465824424903,-40.53378505922463,-4.190873185024408,0.888,0.064,ok
mix_0003.wav,2.944988250732422,15.175451278686523,12.230463027954102,-0.7312955836694988,24.6826352223123,-49.30712156073647,-42.19951010041453,-72.89042764192631,30.690917541511777,0.912,0.072,ok
mix_0004.wav,9.465190887451172,14.723672866821289,5.258481979370117,-1.3007810360781134,20.84297417935907,-53.84725929947369,-49.220570681530404,-74.12896990499416,24.90839922346376,0.896,0.048,ok
mix_0005.wav,11.958999633789062,13.54908561706543,1.5900859832763672,-0.8914877634493966,21.15880435177005,-54.50720406264835,-53.23196237977604,-64.68892358131393,11.45696120153789,0.92,0.072,ok
mix_0006.wav,-2.7493038177490234,10.599666595458984,13.348970413208008,-1.5502984470881962,21.73780473617597,-43.848475277651445,-36.95581347587837,-63.740810917689785,26.78499744181142,0.968,0.064,ok
mix_0007.wav,11.896754264831543,13.671205520629883,1.7744512557983398,-1.8066413571030586,18.94639574404306,-52.77891935144463,-48.260552605542635,-66.67874125833836,18.418188652795738,0.616,0.32,ok
mix_0008.wav,-2.382554531097412,11.002031326293945,13.384585857391357,-0.8982163760742388,22.057432950399985,-44.475551597302136,-39.1409119718726,-57.517891956870116,18.37697998499752,0.864,0.032,ok
mix_0009.wav,-2.1840176582336426,9.223005294799805,11.407022953033447,-2.3008607923689612,21.639829651276308,-41.55577047963584,-36.868842425210275,-55.72068986781127,18.851847442600995,0.952,0.048,ok
mix_0010.wav,6.190702438354492,2.707836389541626,-3.482866048812866,-4.41674757401905,20.60193107511809,-48.086118314706816,-45.19499523608468,-52.69901572946117,7.50402049337649,0.88,0.128,regression
mix_0011.wav,3.1241631507873535,8.04749870300293,4.923335552215576,-1.6877336101815466,6.864168848886223,-31.05254836485347,-24.935425442189853,-63.791081570986506,38.85565612879666,0.944,0.024,low_freq_wind
mix_0012.wav,5.3895087242126465,7.992753982543945,2.603245258331299,-1.8025008648657173,12.949249165780131,-39.03599011046442,-43.18912099749683,-42.27579261262395,-0.9133283848728844,0.952,0.032,ok
mix_0013.wav,3.789794921875,7.9288129806518555,4.1390180587768555,-2.5080681372375753,12.339719770331563,-38.22158458392693,-32.75145056636552,-56.79278097364714,24.041330407281624,0.848,0.112,low_freq_wind
mix_0014.wav,9.298003196716309,14.869061470031738,5.57105827331543,-0.8460335740291002,24.355088471443445,-54.13621003752614,-50.85399935533503,-88.59532746461424,37.74132810927921,0.968,0.04,ok
mix_0015.wav,4.570218086242676,14.099885940551758,9.529667854309082,-2.0603702624754443,24.49621363885621,-55.21296388077798,-55.27108375673237,-59.330433858665764,4.059350101933392,0.896,0.024,ok
mix_0016.wav,13.31392765045166,14.42856216430664,1.1146345138549805,-0.4874495954914987,19.57208802020245,-55.52044602443448,-49.63641811070369,-65.14258269015735,15.506164579453658,0.936,0.072,ok
mix_0017.wav,-2.598923683166504,9.864953994750977,12.46387767791748,-2.0163509463140157,30.622720736994427,-48.101264828366126,-47.97107922695147,-52.11992825451968,4.148849027568213,0.936,0.016,ok
mix_0018.wav,1.2584174871444702,13.450573921203613,12.192156434059143,-1.3184722529919046,29.76505781521,-54.079198705997065,-50.73097994312904,-67.77726709616607,17.04628715303702,0.776,0.168,ok
mix_0019.wav,4.496060371398926,8.685933113098145,4.189872741699219,-0.7005064110610727,6.883312934345948,-34.04641972965757,-29.434416828891948,-62.66246210835207,33.22804527946012,0.984,0.016,low_freq_wind
mix_0020.wav,-2.1301522254943848,1.1662341356277466,3.2963863611221313,-3.645981894962067,11.298477181954844,-31.150270674161117,-26.81743356564127,-53.187206130595015,26.369772564953742,0.904,0.032,low_freq_wind
mix_0021.wav,-1.0694341659545898,10.922077178955078,11.991511344909668,-1.9050001572369444,18.933463764376853,-40.07199775454886,-34.02108485821311,-61.960340465415186,27.939255607202078,0.936,0.048,ok
mix_0022.wav,13.703163146972656,14.831014633178711,1.1278514862060547,-1.1069544988583344,21.352064296562464,-56.87501684814811,-53.57152884998912,-71.74907496055687,18.177546110567743,0.856,0.088,ok
mix_0023.wav,-2.5582754611968994,11.224503517150879,13.782778978347778,-1.5431786674595946,29.268725326116943,-48.436219340107485,-44.30709640191545,-57.80106018008239,13.493963778166929,0.904,0.064,ok
mix_0024.wav,7.477433681488037,10.79594612121582,3.318512439727783,-0.8891240777966145,29.11454350580453,-57.97820421497185,-53.39321606166628,-81.46869633535965,28.075480273693373,0.912,0.088,ok
mix_0025.wav,13.466239929199219,15.339973449707031,1.8737335205078125,-0.40919128580259706,11.583384959623405,-47.20663212763267,-39.49249730322712,-67.2311243569357,27.73862705370858,0.928,0.072,ok
mix_0026.wav,8.576972961425781,14.410200119018555,5.833227157592773,-0.7575510062403548,26.587567282853776,-57.82400548613293,-56.388374960657124,-64.97172263085739,8.583347670200267,0.848,0.144,ok
mix_0027.wav,11.888922691345215,18.190933227539062,6.302010536193848,-0.6245531602170424,22.221860783165724,-57.03134359487967,-54.781719144260194,-65.83828782087926,11.056568676619074,0.792,0.2,ok
mix_0028.wav,-1.4980263710021973,2.499310255050659,3.9973366260528564,-0.7186018011573053,27.108275215203804,-51.66509458321726,-53.259363920771996,-55.75938373055746,2.500019809785472,0.944,0.056,ok
mix_0029.wav,4.6213202476501465,10.512090682983398,5.890770435333252,-1.0999094128546558,19.411399104329014,-47.329778863017154,-44.89160479294465,-61.03111168034927,16.139506887404615,0.976,0.024,ok
mix_0030.wav,14.074936866760254,15.38329029083252,1.3083534240722656,-0.5028866494869579,27.337732696479463,-64.00540613734039,-62.41361519750736,-72.68435850651224,10.270743309004878,0.904,0.104,ok
mix_0031.wav,11.928064346313477,11.453144073486328,-0.47492027282714844,-1.4673314349956517,5.286413228881077,-40.04408384415108,-33.10616798474213,-59.42728661033824,26.321118625596107,0.896,0.128,regression
mix_0032.wav,10.020467758178711,13.027812957763672,3.007345199584961,-0.8116549017693125,22.51081510808,-54.25759591383151,-49.757727425795,-66.2465296658109,16.488802240015904,0.936,0.064,ok
mix_0033.wav,10.644560813903809,14.7393217086792,4.094760894775391,-0.9404802546543942,21.081162805129008,-54.643206090566075,-48.326293958451586,-73.89707400671101,25.57078004825943,0.8,0.168,ok
mix_0034.wav,-1.2953550815582275,13.943899154663086,15.239254236221313,-0.8384016285810293,28.81348363507797,-52.489802961910954,-48.54514365601469,-67.78881308897682,19.243669432962125,0.856,0.144,ok
mix_0035.wav,0.19084316492080688,6.509859561920166,6.319016396999359,-1.578627935260333,8.499574968364099,-31.228874484835316,-23.421541362052558,-62.31281294376813,38.89127158171557,0.888,0.048,low_freq_wind
mix_0036.wav,-3.110715389251709,3.22141170501709,6.332127094268799,-1.8380394812159595,10.106502009627313,-27.85994248948898,-22.012112663401517,-58.43237938991426,36.42026672651275,0.872,0.112,low_freq_wind
mix_0037.wav,4.121194839477539,10.616331100463867,6.495136260986328,-1.5531586615977808,27.68210101269972,-52.085650941295356,-49.13403277329418,-59.505294568326974,10.371261795032796,0.92,0.048,ok
mix_0038.wav,4.239287376403809,12.317070007324219,8.07778263092041,-1.0318854740853465,28.026631868377677,-55.25458967305225,-50.233433416595915,-75.53252672425587,25.299093307659952,0.936,0.072,ok
mix_0039.wav,13.95627212524414,13.253531455993652,-0.7027406692504883,-1.7765576499787166,12.97455207751498,-47.12328781878722,-41.342967071541324,-68.3783043571548,27.035337285613473,0.984,0.016,regression
mix_0040.wav,14.16822624206543,11.569250106811523,-2.5989761352539062,-1.148334379527715,18.231285306579117,-54.6758324375216,-58.853803113359085,-69.79560413844922,10.94180102509014,0.976,0.016,regression
mix_0041.wav,1.8788740634918213,13.863835334777832,11.98496127128601,-1.8149591287591935,24.636239285283132,-50.786369236856444,-47.93336066751658,-59.91265634938705,11.979295681870465,0.84,0.152,ok
mix_0042.wav,5.452397346496582,11.983034133911133,6.530636787414551,-1.3475023741522727,25.39365810773928,-51.80820848758106,-53.9975963752143,-56.182086938845416,2.184490563631123,0.84,0.12,ok
mix_0043.wav,2.6801156997680664,4.88948917388916,2.2093734741210938,-3.0140845131199474,8.438786019477298,-34.07281147594081,-28.614526157618908,-59.07589962025662,30.461373462637713,0.912,0.032,low_freq_wind
mix_0044.wav,8.234618186950684,16.030664443969727,7.796046257019043,-1.2193309336860279,22.96415350880276,-54.2356625561795,-57.27715624035727,-58.528484735601666,1.251328495244395,0.704,0.304,ok
mix_0045.wav,-4.653110980987549,8.639019966125488,13.292130947113037,-2.046445146680652,33.977726361320954,-47.23875512402145,-41.98645019884458,-64.89404928093265,22.907599082088076,0.904,0.072,ok
mix_0046.wav,-1.5121639966964722,5.1321821212768555,6.644346117973328,-1.971876804469066,12.789489852454835,-34.724364100744374,-28.438039627054557,-61.45352608518125,33.0154864581267,0.952,0.056,low_freq_wind
mix_0047.wav,10.088769912719727,13.405741691589355,3.316971778869629,-1.06327423419741,1.4665674360087158,-23.002682777945694,-18.069400319868127,-45.71646120942762,27.64706088955949,1.0,1.0,residual_noise
mix_0048.wav,-0.5809245705604553,7.577310562133789,8.158235132694244,-2.186737875399353,23.641627268209735,-46.73403748467406,-51.810601372579626,-49.48159719937027,-2.329004173209362,0.912,0.056,ok
mix_0049.wav,6.300352096557617,10.80445671081543,4.5041046142578125,-1.3160496991333925,15.915570235330263,-45.51620502804382,-41.883015179231585,-64.34092459623707,22.457909417005478,0.848,0.088,ok
mix_0050.wav,11.223718643188477,15.304983139038086,4.081264495849609,-1.051975894412964,19.098773044559398,-55.48773832567985,-48.944823820780734,-72.1896112907308,23.24478746995006,0.84,0.152,ok
mix_0051.wav,12.872830390930176,14.343609809875488,1.4707794189453125,-0.8122054298627963,22.253553413838834,-57.65460862462543,-56.26749415198145,-61.90588419522672,5.638390043245266,0.88,0.128,ok
mix_0052.wav,-3.302107810974121,8.14902114868164,11.451128959655762,-1.9376604154013612,22.366691458914172,-45.35109173280066,-45.215897625441706,-54.39347514815135,9.177577522709644,0.864,0.088,ok
mix_0053.wav,-0.7000689506530762,5.398077011108398,6.098145961761475,-3.391237972050391,17.931677812064386,-37.907941179932855,-33.65820231653466,-55.2313606001649,21.57315828363023,0.808,0.2,low_freq_wind
mix_0054.wav,14.427650451660156,16.163299560546875,1.7356491088867188,-0.9065376366550664,29.737087055491564,-62.748288138903945,-56.16235380975184,-73.82826644267365,17.665912632921803,0.968,0.016,ok
mix_0055.wav,1.6761586666107178,7.386734962463379,5.710576295852661,-2.0351478906065403,22.717302522185147,-46.53657604039375,-48.0619269815805,-52.09585354389432,4.033926562313822,0.92,0.112,ok
mix_0056.wav,5.829235076904297,13.80164623260498,7.972411155700684,-1.0916954428372887,25.250636883282517,-53.58297084524706,-52.17119899779991,-70.16459456098536,17.993395563185462,0.864,0.152,ok
mix_0057.wav,3.309019088745117,6.996005058288574,3.686985969543457,-3.5473008018236167,17.143231363718517,-43.65631260933597,-37.75166356623752,-53.991311112532934,16.239647546295416,0.928,0.048,ok
mix_0058.wav,-4.403365135192871,8.612549781799316,13.015914916992188,-1.8718448160365866,29.44981844387692,-47.348176865451556,-43.89034664860836,-54.612242697306925,10.721896048698571,0.864,0.08,ok
mix_0059.wav,2.372466564178467,13.815449714660645,11.442983150482178,-1.639786330336196,22.345301937416167,-51.71546539997556,-47.21104927727771,-66.76628234033709,19.55523306305938,0.992,0.016,ok
mix_0060.wav,12.47307300567627,15.02495002746582,2.551877021789551,-0.7838377128083771,22.930233054324574,-56.57144785280613,-50.33207068317399,-67.20269371666153,16.87062303348754,0.888,0.104,ok
mix_0061.wav,4.94127082824707,14.427860260009766,9.486589431762695,-1.27981866664195,21.328285388327465,-48.58970156013385,-48.52381529474958,-58.47903399009323,9.955218695343644,0.824,0.136,ok
mix_0062.wav,-3.587698459625244,12.494205474853516,16.08190393447876,-1.1678378215991183,28.655886899831124,-44.67955175843105,-37.043194161967016,-72.0401967956729,34.99700263370589,0.88,0.12,ok
mix_0063.wav,3.650540828704834,14.884785652160645,11.23424482345581,-0.6818121479061667,25.833507370052892,-54.95056150257487,-49.602306413777214,-65.79719385304548,16.19488743926828,0.784,0.168,ok
mix_0064.wav,-1.4696961641311646,11.323966979980469,12.793663144111633,-1.5965608957269315,28.672923761906443,-48.872081571178036,-50.137821094176275,-54.88398064543532,4.746159551259046,0.84,0.176,ok
mix_0065.wav,11.069543838500977,16.48855972290039,5.419015884399414,-0.7661856994000505,22.26081445910054,-56.68791294748082,-53.3620400037757,-69.30251229079018,15.940472287014488,0.864,0.136,ok
mix_0066.wav,1.5103806257247925,6.007754325866699,4.497373700141907,-1.5425405416227482,6.91631781477458,-31.196930462745065,-25.19886022478385,-53.0922897032612,27.893429478477344,0.816,0.168,low_freq_wind
mix_0067.wav,-0.33656567335128784,11.622906684875488,11.959472358226776,-1.6960107437368301,21.428155833499236,-46.96537029038835,-48.30862471881509,-56.84851552879699,8.539890809981896,0.928,0.112,ok
mix_0068.wav,-4.596324443817139,6.796364784240723,11.392689228057861,-2.7977003895092696,24.66606043828072,-44.29314728683747,-39.93440149444407,-55.06155790297684,15.12715640853277,0.768,0.192,ok
mix_0069.wav,-0.8015191555023193,5.1334710121154785,5.934990167617798,-4.590153288403409,26.45924554414787,-47.38336776452576,-46.08948071185501,-52.7383167422244,6.648836030369391,0.896,0.072,speech_too_small
mix_0070.wav,9.078606605529785,10.869529724121094,1.7909231185913086,-0.8432771270900287,15.718069166610892,-46.153784821780015,-40.339872678006344,-62.32746189645696,21.987589218450616,0.952,0.056,ok
mix_0071.wav,-4.795764923095703,8.393803596496582,13.189568519592285,-2.5606692819289223,29.04259989366922,-44.282224158889385,-38.3041850202313,-54.06323264756686,15.759047627335557,0.92,0.072,ok
mix_0072.wav,-0.8255501985549927,17.681352615356445,18.506902813911438,-0.7705911747273788,27.75575930894359,-47.43877204467344,-44.58785419068117,-74.22573713827842,29.63788294759725,0.824,0.176,ok
mix_0073.wav,10.379667282104492,13.422452926635742,3.04278564453125,-0.8433822882452863,22.79549271368671,-56.06476221708557,-50.30265511039039,-68.57766668856777,18.27501157817739,0.864,0.136,ok
mix_0074.wav,1.1128709316253662,5.794122695922852,4.681251764297485,-2.309032593894708,12.089715027508042,-36.05833386700226,-30.690127193811595,-56.44583896109607,25.755711767284474,0.824,0.152,low_freq_wind
mix_0075.wav,13.766275405883789,10.449914932250977,-3.3163604736328125,-0.8198950857792275,29.693705811902134,-63.18156759377608,-57.01092361841197,-79.73821633861867,22.727292720206698,0.808,0.184,regression
mix_0076.wav,8.275712013244629,8.849224090576172,0.573512077331543,-1.9743033465205149,22.028975499033532,-52.80066068629107,-56.72631874380204,-56.65616286546613,-0.07015587833591218,0.624,0.368,ok
mix_0077.wav,-4.2855730056762695,11.699211120605469,15.984784126281738,-1.7374659104212857,28.44470546668894,-42.48227149621283,-39.738112644267055,-57.59809317759128,17.859980533324222,0.952,0.048,ok
mix_0078.wav,0.5435062646865845,9.54863452911377,9.005128264427185,-1.7147551623136605,25.23238054370838,-47.20356835247884,-42.35207617946702,-65.38048356185921,23.028407382392192,0.944,0.088,ok
mix_0079.wav,-3.6879632472991943,8.343435287475586,12.03139853477478,-2.3851748483847937,28.13956156923242,-44.09052495964677,-41.21820715608745,-54.18684538927161,12.968638233184166,0.856,0.184,ok
mix_0080.wav,-3.266026020050049,3.695504665374756,6.961530685424805,-1.2785764352144133,8.24490978464586,-27.483432961293715,-23.266959804429877,-52.668268288856865,29.401308484426984,0.968,0.04,low_freq_wind
mix_0081.wav,-3.361937999725342,4.642817497253418,8.00475549697876,-3.333519158244594,17.033641134784755,-37.01446253714166,-33.71196571747822,-58.235611598982615,24.523645881504397,0.864,0.088,low_freq_wind
mix_0082.wav,2.7022483348846436,17.672164916992188,14.969916582107544,-0.7167244889811455,30.31479159716301,-54.51672412367544,-48.888585371222206,-66.96496878677789,18.076383415555686,0.888,0.088,ok
mix_0083.wav,12.108098030090332,12.277700424194336,0.1696023941040039,-0.714953323514236,27.548964949116712,-60.30270282674099,-54.81226974810366,-71.09905920031602,16.28678945221235,0.904,0.08,ok
mix_0084.wav,8.57829475402832,12.754392623901367,4.176097869873047,-1.3083302889941155,22.74228311795955,-53.72710946154642,-52.998422333519876,-80.81374734547197,27.815325011952087,0.936,0.08,ok
mix_0085.wav,7.11733865737915,7.048748016357422,-0.06859064102172852,-2.7022774833137353,21.184979605622413,-49.3962866819371,-52.54875748177409,-54.067564890653756,1.5188074088796666,0.864,0.08,regression
mix_0086.wav,8.343426704406738,14.758136749267578,6.41471004486084,-0.6170972201359944,14.657817610064578,-51.65389034104845,-51.099623497581916,-77.95192425611897,26.852300758537055,0.936,0.064,ok
mix_0087.wav,2.2914280891418457,7.023794174194336,4.73236608505249,-1.5961671354975886,10.24368464359811,-34.701129007882486,-28.06852400470951,-62.31476150426672,34.24623749955721,0.904,0.096,low_freq_wind
mix_0088.wav,7.4588942527771,12.586442947387695,5.127548694610596,-1.3187653032557687,27.176830262557576,-55.25613669026466,-56.18538017828661,-71.76293603593112,15.577555857644523,0.912,0.04,ok
mix_0089.wav,8.607735633850098,6.926807403564453,-1.6809282302856445,-3.7745873108809476,17.583294761163202,-50.2756680473413,-56.65408825989776,-55.34440122254448,-1.309687037353294,0.952,0.064,regression
mix_0090.wav,-3.817746877670288,-1.8073993921279907,2.0103474855422974,-8.59891094688628,23.18447215884571,-39.55105771866578,-37.3098724397839,-44.29434849971508,6.984476059931182,0.736,0.28,speech_too_small
mix_0091.wav,5.0682220458984375,14.3199462890625,9.251724243164062,-1.1210973442233165,26.047128766356256,-53.18563633377317,-53.51278321198236,-60.18335563247611,6.67057242049375,0.912,0.088,ok
mix_0092.wav,8.23838996887207,13.570987701416016,5.332597732543945,-0.9000623534285539,26.239719025392727,-56.84179615103015,-56.697515096336836,-62.38902340715053,5.691508310813703,0.864,0.088,ok
mix_0093.wav,2.2507710456848145,8.112143516540527,5.861372470855713,-2.3221311415149164,27.323314711941258,-49.741963175321715,-49.81199461127164,-54.32990050271727,4.5179058914456265,0.912,0.088,ok
mix_0094.wav,-3.1643223762512207,9.801712036132812,12.966034412384033,-2.265822523838947,28.001770827287366,-49.0955071753201,-47.3695095879281,-62.35923920905737,14.989729621129268,0.912,0.064,ok
mix_0095.wav,-1.8323034048080444,9.16895580291748,11.001259207725525,-2.133218300934831,26.983582928472856,-46.22992431123579,-43.185395180428344,-57.41036856533921,14.224973384910873,0.88,0.128,ok
mix_0096.wav,14.419464111328125,17.606101989746094,3.1866378784179688,-0.46415165845145384,30.191137227571257,-70.14891045251564,-64.95781139904011,-94.39470534542951,29.436893946389418,0.84,0.112,ok
mix_0097.wav,4.561706066131592,13.980364799499512,9.41865873336792,-1.3008277581364358,26.361690079117732,-52.57391833420158,-46.14279989983391,-66.91702693418247,20.774227034348563,0.92,0.064,ok
mix_0098.wav,-2.086452007293701,11.448391914367676,13.534843921661377,-1.524926672519389,22.46089334266182,-44.05392722813846,-41.61388378499066,-56.4331873150328,14.81930353004213,0.84,0.112,ok
mix_0099.wav,6.203106880187988,6.810901641845703,0.6077947616577148,-3.4075482622064888,21.874784778761992,-52.66617538968017,-53.022713782760775,-57.34938787822717,4.326674095466395,0.936,0.048,ok
mix_0100.wav,5.598968505859375,14.49699878692627,8.898030281066895,-1.037053952037423,25.26230160479937,-54.48132829799066,-48.524806777402404,-64.31510522331928,15.79029844591686,0.896,0.136,ok
mix_0101.wav,13.45361614227295,16.560527801513672,3.1069116592407227,-0.6401512620244272,23.175784174683404,-59.917651765462736,-59.489111674934996,-70.62642133923566,11.137309664300673,0.848,0.136,ok
mix_0102.wav,-4.824540138244629,1.1276432275772095,5.952183365821838,-1.7714489642885725,8.939333064685071,-26.913215529467358,-22.22982335156391,-58.63287061014666,36.40304725858276,0.856,0.104,low_freq_wind
mix_0103.wav,-4.204908847808838,1.3858036994934082,5.590712547302246,-3.3532745804152593,10.171064501893758,-26.26425040229339,-22.108809552487152,-53.47915572726802,31.370346174780877,0.816,0.096,low_freq_wind
mix_0104.wav,1.163352131843567,13.391493797302246,12.22814166545868,-0.823510894575129,31.31857454813781,-53.606558793315685,-48.67887207658862,-77.30346012686735,28.624588050278724,0.816,0.176,ok
mix_0105.wav,12.226799964904785,7.522977828979492,-4.703822135925293,-3.182407064830031,21.35845207210175,-55.327508778975705,-55.160592472061666,-65.32352762924131,10.16293515717964,0.936,0.056,regression
mix_0106.wav,4.545032024383545,6.4832539558410645,1.9382219314575195,-3.3241764116236174,26.50073727057134,-50.70654981569863,-50.20247128086605,-55.31655110337442,5.114079822508382,0.968,0.04,ok
mix_0107.wav,10.682588577270508,14.06297492980957,3.3803863525390625,-0.5329547788883335,14.290364204336852,-46.474242214842604,-43.703543371156044,-60.26005613388151,16.55651276272547,0.816,0.192,ok
mix_0108.wav,7.067493438720703,11.385394096374512,4.317900657653809,-1.454583920833634,9.864824760842426,-40.373285445470316,-34.804605145353584,-58.59694363395392,23.79233848860034,0.944,0.064,ok
mix_0109.wav,6.095209121704102,15.470569610595703,9.375360488891602,-1.144114352328946,26.78971870727766,-60.972209363764776,-61.83179692527937,-66.05980282792379,4.228005902644418,0.976,0.016,ok
mix_0110.wav,-5.028979778289795,1.2819514274597168,6.310931205749512,-2.5952616330964022,13.679777039241458,-29.96593978718731,-24.39182042873172,-50.6482280530888,26.25640762435708,0.952,0.096,low_freq_wind
mix_0111.wav,-1.604844331741333,14.174474716186523,15.779319047927856,-1.2468841213908952,25.073680157295954,-45.86221570435854,-43.49102555861053,-73.7851964409713,30.294170882360774,0.824,0.176,ok
mix_0112.wav,3.9329030513763428,15.129833221435547,11.196930170059204,-0.8229675037326514,25.72799923989227,-55.11561397470074,-52.283771039569885,-64.06729248669721,11.783521447127328,0.92,0.088,ok
mix_0113.wav,13.68059253692627,15.532240867614746,1.8516483306884766,-0.810633277538908,32.96356665886112,-67.61994692320171,-64.57235961725846,-89.17819630788534,24.605836690626873,0.952,0.016,ok
mix_0114.wav,0.7014411091804504,7.222837924957275,6.521396815776825,-2.515694694809417,22.370456686391137,-46.77332417450258,-44.60003225076072,-64.94873723889359,20.348704988132873,0.704,0.296,ok
mix_0115.wav,0.1903536170721054,12.678855895996094,12.488502278923988,-1.5913560402050073,28.999287131996873,-49.99922605819335,-46.422756718727456,-69.68057492425626,23.257818205528803,0.92,0.064,ok
mix_0116.wav,4.891341686248779,16.366731643676758,11.475389957427979,-0.8281229796813367,26.484306076857976,-53.384476788002466,-49.19031609453597,-76.23951201903158,27.049195924495606,0.888,0.112,ok
mix_0117.wav,3.265902519226074,11.360482215881348,8.094579696655273,-2.068653798191359,23.318682946267376,-48.691768537416216,-44.3641357610598,-63.97024856945269,19.606112808392897,0.872,0.112,ok
mix_0118.wav,5.0956926345825195,7.022518157958984,1.9268255233764648,-3.068387329085269,25.575217696821177,-50.969901989533454,-49.935189087982785,-55.58043265320474,5.645243565221959,0.896,0.072,ok
mix_0119.wav,1.8973714113235474,12.66202163696289,10.764650225639343,-1.1122174561562927,27.78502970544416,-51.45366846808416,-49.097059760223345,-68.7311105398347,19.634050779611353,0.856,0.168,ok
mix_0120.wav,11.370809555053711,12.774933815002441,1.4041242599487305,-0.817785646468776,17.36003369781541,-53.38276408519194,-46.20771613287638,-65.85182292377594,19.644106790899556,0.872,0.168,ok
mix_0121.wav,-2.2290656566619873,3.575481414794922,5.804547071456909,-2.0659777059408184,16.388355088880505,-36.423891661843925,-29.884964707120258,-59.57795907785024,29.692994370729977,0.864,0.128,low_freq_wind
mix_0122.wav,13.855876922607422,14.487210273742676,0.6313333511352539,-1.0743224554713766,25.68314872609107,-59.98591798750955,-54.566147968486256,-65.22736476649078,10.661216798004538,0.944,0.088,ok
mix_0123.wav,-0.11170212179422379,12.556828498840332,12.668530620634556,-1.1058337815445656,23.068017961337826,-51.54244091532375,-44.92230757005429,-72.52021176414037,27.59790419408608,0.944,0.016,ok
mix_0124.wav,5.638553619384766,12.244388580322266,6.6058349609375,-0.9559490652191277,25.51314385436381,-53.58790748372436,-54.316379541821426,-68.23037013346341,13.913990591641985,0.88,0.144,ok
mix_0125.wav,8.291243553161621,14.687274932861328,6.396031379699707,-0.9264245898671021,25.779910476792733,-56.95012095880788,-51.55535194782398,-63.65595943043117,12.100607482607188,0.896,0.072,ok
mix_0126.wav,-2.4328529834747314,7.465520858764648,9.89837384223938,-0.5045697860893437,16.672141597621803,-37.196251105122215,-32.09501250903348,-56.55596437336691,24.460951864333435,0.752,0.24,low_freq_wind
mix_0127.wav,0.8998129367828369,12.492019653320312,11.592206716537476,-1.4266266007139252,25.096674323569307,-47.54891142657057,-46.24730542570843,-63.52193625986905,17.274630834160615,0.864,0.152,ok
mix_0128.wav,11.631251335144043,13.463457107543945,1.8322057723999023,-0.6332792433649588,4.1675197725247415,-32.94072605563754,-29.530025682949788,-57.37874296817152,27.84871728522173,0.808,0.192,low_freq_wind
mix_0129.wav,3.910855770111084,14.960993766784668,11.050137996673584,-1.5938553364937174,28.295896529447724,-52.07187943374181,-47.90777062500573,-62.58950775794751,14.681737132941773,0.904,0.048,ok
mix_0130.wav,-4.155619144439697,-1.7946434020996094,2.360975742340088,-7.146646814067773,14.880440703635296,-31.781458354992118,-27.75280269457358,-52.737543664222,24.984740969648428,0.904,0.096,speech_too_small
mix_0131.wav,8.84201717376709,13.793110847473145,4.951093673706055,-1.0793499873199546,27.22638284947473,-60.29752110215001,-56.65425176176677,-65.02380114539092,8.369549383624145,0.936,0.032,ok
mix_0132.wav,5.730229377746582,14.406929016113281,8.6766996383667,-1.3699486649492423,32.289422140645534,-59.59621822463348,-54.68894670700311,-79.25176563490025,24.562818927897148,0.712,0.296,ok
mix_0133.wav,12.311749458312988,8.525375366210938,-3.786374092102051,-3.5734318169451718,16.958646076392114,-53.30467391308773,-57.340656084225486,-57.655662849616945,0.31500676539145844,0.904,0.088,regression
mix_0134.wav,11.967950820922852,7.908890247344971,-4.059060573577881,-2.4882048866667335,11.09533771026474,-45.50861964594638,-46.449595964071115,-46.84531709882761,0.395721134756489,0.96,0.056,regression
mix_0135.wav,1.1517678499221802,14.587388038635254,13.435620188713074,-0.821533369562134,25.477831464412688,-48.191940071032064,-43.73882694571048,-67.63182959224316,23.89300264653269,0.776,0.168,ok
mix_0136.wav,7.593221664428711,15.937112808227539,8.343891143798828,-0.832181177990658,24.20500541608898,-55.223879087416,-50.49618859677963,-67.03437547044557,16.53818687366594,0.912,0.088,ok
mix_0137.wav,2.0059728622436523,13.822774887084961,11.816802024841309,-1.0174409604717225,26.494421425387316,-49.64923206603367,-50.47994195745824,-61.89356339478329,11.413621437325045,0.752,0.264,ok
mix_0138.wav,7.478261947631836,9.37297248840332,1.8947105407714844,-1.7883114921769794,17.97207653341495,-48.14420991173583,-44.818789537270256,-74.07875663710975,29.259967099839493,0.96,0.048,ok
mix_0139.wav,9.863842010498047,16.324466705322266,6.460624694824219,-1.1190158899242821,22.18915820709926,-53.962498519558295,-55.98825061024275,-58.3223423225811,2.334091712338349,0.888,0.136,ok
mix_0140.wav,-1.7265903949737549,3.693087100982666,5.419677495956421,-1.462289545855864,11.91556042278685,-32.7512696922808,-26.30076349244938,-49.989268585644986,23.6885050931956,0.928,0.064,low_freq_wind
mix_0141.wav,-2.4723987579345703,11.234579086303711,13.706977844238281,-0.890518674106973,28.841739819520615,-49.365435249671805,-45.56308937743818,-66.13364663634292,20.57055725890475,0.824,0.208,ok
mix_0142.wav,1.2048263549804688,8.031593322753906,6.8267669677734375,-1.4391880731614624,10.07022661972121,-36.90476293485725,-33.02560910835961,-60.06641005642754,27.04080094806793,0.912,0.064,low_freq_wind
mix_0143.wav,3.2726364135742188,11.418848991394043,8.146212577819824,-2.019353796988635,26.517992653426315,-52.54766000579188,-50.79220255790564,-63.45249553829366,12.660292980388023,0.848,0.16,ok
mix_0144.wav,-1.254446029663086,4.0814948081970215,5.335940837860107,-1.877862136241672,14.867739888625561,-34.58213965236709,-28.48068295111996,-56.63844852278312,28.157765571663163,0.928,0.072,low_freq_wind
mix_0145.wav,14.637338638305664,12.21748161315918,-2.4198570251464844,-1.0307350862522646,19.450562735198417,-59.41727243643534,-55.80408714871279,-70.77233895344607,14.968251804733285,0.904,0.088,regression
mix_0146.wav,-3.57442045211792,0.9041054248809814,4.478525876998901,-1.6379744500285098,6.950184855906154,-26.57824278888925,-21.802443713515252,-50.26299318137926,28.460549467864006,0.832,0.144,low_freq_wind
mix_0147.wav,9.268380165100098,17.96208953857422,8.693709373474121,-0.7536800555241361,26.77009102421385,-59.0017139010181,-56.33005285898329,-64.19540382602854,7.8653509670452495,0.904,0.096,ok
mix_0148.wav,10.83127212524414,10.386528015136719,-0.4447441101074219,-1.466087091386496,13.335526174710344,-44.88859323463594,-38.790958008117215,-53.640582769480105,14.849624761362882,0.872,0.104,regression
mix_0149.wav,12.522706985473633,20.154115676879883,7.63140869140625,-0.4300093733799299,22.98283905405099,-55.35352441232376,-52.05863662161206,-75.72479360660309,23.66615698499103,0.84,0.184,ok
mix_0150.wav,-0.3251153826713562,11.31922721862793,11.644342601299286,-1.4379047447180637,30.328913732795762,-55.38370748314754,-49.9166329750253,-67.1929022129826,17.276269237957308,0.984,0.048,ok
mix_0151.wav,-0.16656480729579926,6.383369445800781,6.5499342530965805,-1.1143290424117442,8.749378117098319,-31.69969097477622,-26.740226861723478,-54.669303339801154,27.929076478077675,0.864,0.136,low_freq_wind
mix_0152.wav,2.165435552597046,17.41653823852539,15.251102685928345,-0.8570114676266918,29.502305246707014,-53.0334874940064,-51.07780867275128,-71.85762728160287,20.779818608851592,0.952,0.04,ok
mix_0153.wav,-1.0481209754943848,10.546876907348633,11.594997882843018,-1.6465418823615496,24.820699004538483,-46.524781411857504,-43.22641083387248,-58.103014560153206,14.876603726280722,0.792,0.216,ok
mix_0154.wav,3.1155362129211426,12.889080047607422,9.77354383468628,-1.3352588737452238,24.98937359975057,-53.0770242563547,-51.45475846370996,-64.35479248154725,12.900034017837296,0.96,0.04,ok
mix_0155.wav,11.464130401611328,15.942693710327148,4.47856330871582,-0.9044599904117565,23.511380770279096,-57.377031650175816,-51.76191692760389,-62.45916458232513,10.69724765472124,0.832,0.176,ok
mix_0156.wav,2.1253654956817627,13.52968692779541,11.404321432113647,-0.9909597560388974,26.213539688952558,-51.4565271910582,-45.344445466234696,-71.16633216563795,25.82188669940325,0.856,0.128,ok
mix_0157.wav,7.107222080230713,14.19407844543457,7.086856365203857,-0.8076157884935397,28.617645321908366,-56.614567535530696,-51.85184580825664,-66.69579209322264,14.843946284965991,0.904,0.08,ok
mix_0158.wav,3.6235227584838867,13.455537796020508,9.832015037536621,-1.5677642290633047,28.038652855191295,-53.493059175198766,-47.552626092087934,-72.54134075768948,24.98871466560155,0.816,0.2,ok
mix_0159.wav,-3.2312097549438477,3.718684673309326,6.949894428253174,-1.7771137328907645,15.594522486959633,-34.199332745431306,-30.7446162698656,-51.75066646934649,21.006050199480896,0.912,0.072,low_freq_wind
